id_video,id_song,Hashtags
0,a001,"['#environmental', '#environmentaleducation', '#environmentalprotection', '#explore']"
1,a003,"['#bodybuilding', '#gym', '#healthy', '#sport']"
2,a003,"['#foryoupage', '#healthy', '#sport', '#trending']"
3,a001,"['#environmental', '#environmentaleducation', '#foryoupage', '#trending']"
4,a001,"['#environmental', '#environmentaleducation', '#trending']"
5,a001,"['#environmental', '#environmentaleducation', '#environmentalprotection', '#trending']"
6,a002,"['#explore', '#foryoupage', '#workout']"
7,a002,"['#bodybuilding', '#explore', '#foryoupage', '#gym', '#trending']"
8,a001,"['#environmental', '#environmentaleducation', '#environmentalprotection', '#foryoupage', '#trending']"
9,a003,"['#bodybuilding', '#healthy', '#sport', '#trending']"
10,a003,"['#explore', '#sport']"
11,a003,"['#foryoupage', '#gym', '#healthy', '#workout']"
12,a002,"['#explore', '#foryoupage']"
13,a002,"['#foryoupage', '#trending', '#workout']"
14,a002,"['#bodybuilding', '#explore', '#foryoupage', '#trending']"
15,a003,"['#foryoupage', '#healthy', '#trending']"
16,a001,"['#environmental', '#environmentaleducation', '#explore']"
17,a002,"['#bodybuilding', '#explore', '#foryoupage', '#workout']"
18,a001,"['#environmentaleducation', '#environmentalprotection']"
19,a003,"['#explore', '#healthy', '#sport', '#workout']"
20,a002,"['#explore', '#gym', '#trending', '#workout']"
21,a001,"['#environmental', '#environmentaleducation', '#foryoupage', '#trending']"
22,a001,"['#environmentaleducation', '#trending']"
23,a001,"['#environmentaleducation', '#environmentalprotection', '#trending']"
24,a001,"['#environmental', '#environmentalprotection', '#trending']"
25,a001,"['#environmental', '#environmentaleducation', '#trending']"
26,a003,"['#bodybuilding', '#healthy', '#sport', '#trending', '#workout']"
27,a001,"['#environmentaleducation', '#environmentalprotection', '#foryoupage', '#trending']"
28,a003,"['#explore', '#foryoupage', '#healthy', '#sport']"
29,a002,"['#foryoupage', '#trending', '#workout']"
30,a001,"['#environmental', '#environmentaleducation', '#environmentalprotection', '#trending']"
31,a003,"['#explore', '#sport', '#trending']"
32,a002,"['#explore', '#foryoupage', '#trending']"
33,a003,"['#bodybuilding', '#healthy', '#sport', '#trending']"
34,a001,"['#environmentaleducation', '#environmentalprotection', '#explore', '#trending']"
35,a002,"['#explore', '#foryoupage']"
36,a003,"['#explore', '#gym', '#healthy']"
37,a002,"['#explore', '#foryoupage', '#gym', '#trending', '#workout']"
38,a002,"['#explore', '#trending']"
39,a002,"['#explore', '#foryoupage', '#trending']"
40,a003,"['#bodybuilding', '#gym', '#healthy', '#sport']"
41,a002,"['#bodybuilding', '#foryoupage', '#trending']"
42,a001,"['#environmental', '#environmentaleducation']"
43,a003,"['#gym', '#sport']"
44,a002,"['#explore', '#trending']"
45,a002,"['#foryoupage', '#gym', '#trending', '#workout']"
46,a002,"['#explore', '#foryoupage', '#gym', '#trending']"
47,a002,"['#foryoupage', '#trending', '#workout']"
48,a003,"['#foryoupage', '#healthy', '#workout']"
49,a003,"['#bodybuilding', '#explore', '#foryoupage', '#gym', '#healthy']"
50,a003,"['#bodybuilding', '#explore', '#sport']"
51,a001,"['#environmental', '#environmentalprotection']"
52,a002,"['#bodybuilding', '#trending', '#workout']"
53,a002,"['#explore', '#foryoupage', '#trending']"
54,a003,"['#bodybuilding', '#healthy', '#sport', '#workout']"
55,a001,"['#environmental', '#environmentaleducation', '#environmentalprotection', '#foryoupage', '#trending']"
56,a003,"['#explore', '#gym', '#healthy', '#trending', '#workout']"
57,a003,"['#bodybuilding', '#healthy', '#trending']"
58,a002,"['#bodybuilding', '#explore', '#foryoupage', '#trending']"
59,a003,"['#explore', '#gym', '#healthy', '#sport']"
60,a003,"['#bodybuilding', '#foryoupage', '#healthy', '#sport', '#trending']"
61,a001,"['#environmentaleducation', '#trending']"
62,a001,"['#environmental', '#environmentaleducation', '#trending']"
63,a001,"['#environmentalprotection', '#explore', '#trending']"
64,a001,"['#environmental', '#environmentaleducation', '#environmentalprotection', '#trending']"
65,a003,"['#bodybuilding', '#explore', '#foryoupage', '#sport']"
66,a002,"['#explore', '#foryoupage', '#trending']"
67,a001,"['#explore', '#trending']"
68,a003,"['#explore', '#gym', '#healthy']"
69,a003,"['#gym', '#sport', '#trending']"
70,a002,"['#foryoupage', '#workout']"
71,a003,"['#gym', '#sport', '#trending']"
72,a001,"['#environmental', '#environmentaleducation', '#environmentalprotection']"
73,a002,"['#explore', '#foryoupage', '#trending', '#workout']"
74,a002,"['#explore', '#trending', '#workout']"
75,a003,"['#bodybuilding', '#healthy', '#sport', '#trending', '#workout']"
76,a003,"['#bodybuilding', '#sport', '#trending']"
77,a002,"['#explore', '#foryoupage', '#gym']"
78,a001,"['#environmental', '#environmentaleducation', '#trending']"
79,a003,"['#foryoupage', '#healthy', '#sport', '#trending', '#workout']"
80,a002,"['#foryoupage', '#trending']"
81,a003,"['#explore', '#healthy', '#sport', '#trending', '#workout']"
82,a001,"['#environmental', '#environmentalprotection', '#explore', '#trending']"
83,a002,"['#bodybuilding', '#explore', '#foryoupage', '#gym', '#trending']"
84,a003,"['#explore', '#sport', '#trending']"
85,a002,"['#foryoupage', '#gym', '#trending']"
86,a001,"['#environmentaleducation', '#environmentalprotection', '#trending']"
87,a001,"['#environmental', '#environmentaleducation', '#environmentalprotection', '#trending']"
88,a002,"['#bodybuilding', '#explore', '#foryoupage', '#workout']"
89,a001,"['#environmentaleducation', '#environmentalprotection', '#explore', '#trending']"
90,a002,"['#explore', '#foryoupage', '#trending']"
91,a002,"['#bodybuilding', '#explore', '#trending', '#workout']"
92,a001,"['#environmental', '#environmentalprotection', '#foryoupage', '#trending']"
93,a001,"['#environmental', '#environmentaleducation', '#trending']"
94,a002,"['#bodybuilding', '#gym', '#trending', '#workout']"
95,a003,"['#explore', '#healthy', '#sport', '#workout']"
96,a001,"['#environmental', '#environmentaleducation', '#environmentalprotection']"
97,a002,"['#explore', '#foryoupage', '#trending', '#workout']"
98,a001,"['#environmentaleducation', '#environmentalprotection', '#foryoupage', '#trending']"
99,a003,"['#bodybuilding', '#healthy']"
